"Reference","Qty","Value","DNP","Exclude from BOM","Exclude from Board","Footprint","Datasheet","Distributer Link"
"C4","1","10p","","","","Capacitor_SMD:C_0603_1608Metric_Pad1.08x0.95mm_HandSolder","","https://www.mouser.ch/en/ProductDetail/Vishay-Vitramon/VJ0603A100JXAAP?qs=sGAEpiMZZMukHu%252BjC5l7YVIqfgEH2dnRgXM3BPbCapM%3D"
"C2","1","4.3n","","","","Capacitor_SMD:C_0603_1608Metric_Pad1.08x0.95mm_HandSolder","","https://www.mouser.ch/en/ProductDetail/Murata-Electronics/GRM1857U1H432JA44D?qs=sGAEpiMZZMsh%252B1woXyUXjwdeALG02W9D1nop4zsZhNs%3D"
"C6","1","100n","","","","Capacitor_SMD:C_0603_1608Metric_Pad1.08x0.95mm_HandSolder","","https://www.mouser.ch/en/ProductDetail/KYOCERA-AVX/06035C104JAZ2A?qs=sGAEpiMZZMukHu%252BjC5l7Ya5ZltWfW2nGXUx2V11IsZk%3D"
"C9,C10,C11","3","100n","","","","Capacitor_SMD:C_0402_1005Metric","","https://www.mouser.ch/en/ProductDetail/Vishay-Vitramon/VJ0402Y104JXQCW1BC?qs=sGAEpiMZZMukHu%252BjC5l7Ye76SME%252BvuyY5eHXMOf50sY%3D"
"C1,C3,C7,C12","4","10u","","","","Capacitor_SMD:C_0603_1608Metric_Pad1.08x0.95mm_HandSolder","","https://www.mouser.ch/en/ProductDetail/KYOCERA-AVX/KGM15CR51C106KT?qs=Jm2GQyTW%2FbhGgzJovSiGAg%3D%3D"
"R1","1","1K","","","","Resistor_SMD:R_0603_1608Metric_Pad0.98x0.95mm_HandSolder","","https://www.mouser.ch/en/ProductDetail/Vishay/TNPW06031K00FHTA?qs=X2kM3h%2FahgCZnaxn6ihJBQ%3D%3D"
"R17,R18,R19","3","10k","","","","Resistor_SMD:R_0402_1005Metric","","https://www.mouser.ch/en/ProductDetail/YAGEO/AR0402FR-0710KL?qs=bj0ANSkawG%252B%252B5c2eib7Icg%3D%3D"
"R5,R6,R7,R12,R15","5","22K","","","","Resistor_SMD:R_0603_1608Metric_Pad0.98x0.95mm_HandSolder","","https://www.mouser.ch/en/ProductDetail/YAGEO/RC0603FR-1022KL?qs=EiqXWrxQq61e6RoATMUfKw%3D%3D"
"R3","1","100k","","","","Resistor_SMD:R_0603_1608Metric_Pad0.98x0.95mm_HandSolder","","https://www.mouser.ch/en/ProductDetail/Vishay-Draloric/RCA0603100KFKEC?qs=u16ybLDytRaehBAVAwWgUw%3D%3D"
"R2,R10","2","220K","","","","Resistor_SMD:R_0603_1608Metric_Pad0.98x0.95mm_HandSolder","","https://www.mouser.ch/en/ProductDetail/Vishay/CRCW0603220KFHEAP?qs=a7EraS9Y3FF6XyVAZTgWrw%3D%3D"
"R4","1","270k","","","","Resistor_SMD:R_0603_1608Metric_Pad0.98x0.95mm_HandSolder","","https://www.mouser.ch/en/ProductDetail/YAGEO/RT0603DRE07270KL?qs=8cPjvKtxWv4dh9A1v41Yjw%3D%3D"
"R13,R14","2","499k","","","","Resistor_SMD:R_0603_1608Metric_Pad0.98x0.95mm_HandSolder","","https://www.mouser.ch/en/ProductDetail/Bourns/CR0603-FX-4993ELF?qs=sGAEpiMZZMvdGkrng054t%252BRNGJdg958RdsgSPUB5GSc%3D"
"R8,R9,R11","3","1M","","","","Resistor_SMD:R_0603_1608Metric_Pad0.98x0.95mm_HandSolder","","https://www.mouser.ch/en/ProductDetail/Bourns/CRT0603-BZ-1004ELF?qs=pxDZlBjcsCiRaiGe6sfQhA%3D%3D"
"J4","1","522710469","","","","FPC_Connector:CON_522710469_MOL","https://www.molex.com/en-us/products/part-detail-pdf/522710469?display=pdf","https://www.mouser.ch/en/ProductDetail/Molex/52271-0469?qs=%2FFAXCdFYqP5o9L%2FrU1%2F9ZA%3D%3D"
"J1,J2","2","Conn_01x06_Pin","","","","I2C_Connector:CONN_5037630000-SD_04_MOL","https://www.molex.com/en-us/products/part-detail/5037630491","https://www.mouser.ch/en/ProductDetail/Molex/503763-0491?qs=zwvsCB%2Fxu0cTZVAek%2FYVrQ%3D%3D"
"D1,D2,D3,D4,D5,D6","6","ESD441DPLR","","","","Diode_SMD:D_0201_0603Metric","https://www.ti.com/lit/ds/symlink/esd441.pdf","https://www.mouser.ch/en/ProductDetail/Texas-Instruments/ESD441DPLR?qs=1Kr7Jg1SGW9UQFJqGMkN7Q%3D%3D"
"IC3","1","MAX1169BEUD+","","","","MAX1169:SOP65P640X110-14N","http://componentsearchengine.com/Datasheets/1/MAX1169BEUD+.pdf","https://www.mouser.ch/en/ProductDetail/Analog-Devices-Maxim-Integrated/MAX1169BEUD%2b?qs=fnYUjNMxfVD%252BHT6g1ptIfQ%3D%3D"
"U1","1","TL074HIPWR","","","","Package_SO:TSSOP-14_4.4x5mm_P0.65mm","http://www.ti.com/lit/ds/symlink/tl071.pdf","https://www.mouser.ch/en/ProductDetail/Texas-Instruments/TL074HIPWR?qs=eP2BKZSCXI65RHPg6a8WXg%3D%3D"
